id,mag,place,time,updated,tz,felt,cdi,mmi,alert
us6000tkvi,5.3,Balleny Islands region,2026-08-15 08:40:13.397,2026-08-15 08:58:24.040,,,,,
us7000sz2b,5.5,Balleny Islands region,2026-07-09 03:07:10.909,2026-07-10 03:36:31.569,,,,0.0,green
us6000t9zw,5.3,Balleny Islands region,2026-07-04 04:22:15.219,2026-07-04 04:50:26.040,,,,,
us6000sgkw,5.4,Balleny Islands region,2026-03-16 21:01:42.178,2026-03-18 21:58:58.040,,,,0.0,green
us6000samt,5.6,Balleny Islands region,2026-02-22 01:01:49.995,2026-02-26 01:40:57.436,,,,0.0,green
us6000rw6a,5.3,Balleny Islands region,2025-12-20 18:25:04.033,2025-12-20 18:42:38.040,,,,,
us6000rw5u,5.6,Balleny Islands region,2025-12-20 14:57:09.861,2025-12-21 15:18:46.735,,,,0.0,green
us6000r22u,5.4,Balleny Islands region,2025-08-20 01:33:14.436,2025-09-25 01:32:55.040,,,,0.0,green
us6000r0y7,5.4,Balleny Islands region,2025-08-15 15:14:30.521,2025-09-27 17:57:13.094,,,,3.039,green
us6000qyjf,4.3,Balleny Islands region,2025-07-23 05:54:45.264,2025-10-04 02:42:01.040,,,,,
us7000qd85,5.1,Balleny Islands region,2025-07-18 00:04:20.352,2025-10-04 02:42:30.040,,,,,
us6000qk0w,5.3,Balleny Islands region,2025-06-13 12:26:03.428,2025-08-23 04:26:00.040,,,,,
us7000pya4,4.6,Balleny Islands region,2025-04-25 20:30:41.120,2025-07-11 23:46:25.040,,,,,
us6000q3l2,5.5,Balleny Islands region,2025-04-03 12:18:17.878,2025-06-09 21:38:39.040,,,,2.594,green
us6000q3pb,5.0,Balleny Islands region,2025-03-24 21:43:11.734,2025-05-30 01:36:25.040,,,,,
us6000pvek,4.6,Balleny Islands region,2025-02-17 20:05:57.062,2025-05-03 00:26:14.040,,,,,
us6000pgzq,5.5,Balleny Islands region,2025-01-02 10:54:17.931,2025-03-18 05:34:12.040,,,,0.0,green
us6000pj6s,4.4,Balleny Islands region,2024-12-30 17:55:43.233,2025-03-09 06:39:16.040,,,,,
us7000ngep,4.8,Balleny Islands region,2024-09-01 03:57:40.187,2024-11-10 05:19:30.040,,,,,
us7000n7f6,4.7,Balleny Islands region,2024-08-01 06:39:56.343,2024-10-12 03:39:12.040,,,,,
us6000n9kg,4.6,Balleny Islands region,2024-07-01 19:54:40.762,2024-09-13 05:52:25.040,,,,,
us6000n9iu,5.1,Balleny Islands region,2024-07-01 10:38:04.161,2024-09-13 05:52:25.040,,,,,
us6000n9wg,4.6,Balleny Islands region,2024-06-25 16:54:36.006,2024-09-05 05:57:40.040,,,,,
us7000mp1d,4.5,Balleny Islands region,2024-05-24 06:07:57.052,2024-08-06 10:10:20.040,,,,,
us7000mp0e,4.4,Balleny Islands region,2024-05-23 13:54:02.747,2024-08-06 10:10:19.040,,,,,
us7000mntw,4.4,Balleny Islands region,2024-05-23 01:50:49.843,2024-08-06 10:10:19.040,,,,,
us6000n0qq,4.5,Balleny Islands region,2024-05-19 00:59:34.898,2024-07-27 07:58:12.040,,,,,
us6000mtru,4.5,Balleny Islands region,2024-04-18 15:32:42.428,2024-06-26 05:02:29.040,,,,,
us7000mc7u,4.5,Balleny Islands region,2024-04-07 04:44:13.374,2024-06-13 05:52:00.040,,,,,
us7000mbq1,4.6,Balleny Islands region,2024-04-05 18:27:23.584,2024-06-13 05:51:59.040,,,,,
us7000lwf9,4.5,Balleny Islands region,2024-01-30 05:18:39.139,2024-04-14 03:27:04.040,,,,,
us6000m2qg,4.6,Balleny Islands region,2023-12-29 15:54:19.392,2024-03-03 05:39:37.040,,,,,
us7000lggf,4.6,Balleny Islands region,2023-11-30 23:07:30.286,2024-02-07 05:53:59.040,,,,,
us6000lepj,5.7,Balleny Islands region,2023-10-11 11:54:56.195,2023-12-17 06:13:07.040,,,,0.0,green
us7000kqrg,4.5,Balleny Islands region,2023-08-25 03:10:00.363,2023-10-29 03:15:37.040,,,,,
us7000khf8,4.6,Balleny Islands region,2023-07-16 05:05:26.473,2023-09-17 03:16:26.040,,,,,
us7000ka3e,4.3,Balleny Islands region,2023-06-14 10:46:10.118,2023-08-21 12:19:36.040,,,,,
us7000k7zl,4.6,Balleny Islands region,2023-06-05 11:14:13.612,2023-08-13 01:15:17.040,,,,,
us7000k6bx,5.8,Balleny Islands region,2023-06-05 10:45:59.297,2023-08-13 01:15:03.040,,,,0.0,green
us7000k5ah,4.1,Balleny Islands region,2023-05-25 10:23:56.099,2024-01-19 04:00:01.748,,,,,
us6000k4f5,4.5,Balleny Islands region,2023-04-09 01:06:40.297,2023-06-13 11:12:21.040,,,,,
us6000k0an,4.6,Balleny Islands region,2023-03-22 16:19:31.575,2023-05-27 05:54:00.040,,,,,
us6000jjgx,4.6,Balleny Islands region,2023-01-19 11:50:00.811,2023-04-01 03:43:34.040,,,,,
us7000j1u9,5.6,Balleny Islands region,2023-01-03 22:53:33.655,2023-03-12 06:51:35.040,,,,3.811,green
us7000j1tt,5.5,Balleny Islands region,2023-01-03 21:09:08.163,2023-03-12 06:51:35.040,,,,4.096,green
us7000j44i,4.9,Balleny Islands region,2023-01-03 00:05:17.870,2023-03-12 06:51:47.040,,,,,
us7000j43y,4.6,Balleny Islands region,2023-01-02 16:02:57.562,2023-03-12 06:51:47.040,,,,,
us7000j43t,4.5,Balleny Islands region,2023-01-02 14:22:55.721,2023-03-12 06:51:47.040,,,,,
us7000j43s,4.5,Balleny Islands region,2023-01-02 14:07:40.654,2024-01-19 03:08:15.128,,,,,
us7000j2ky,4.7,Balleny Islands region,2022-12-26 16:09:39.184,2023-03-08 03:00:06.040,,,,,
us6000j957,5.6,Balleny Islands region,2022-12-14 14:28:03.558,2023-02-19 06:04:09.040,,,,0.0,green
us6000iw2e,4.9,Balleny Islands region,2022-10-19 16:42:24.587,2023-01-01 07:03:48.040,,,,,
us7000i608,4.8,Balleny Islands region,2022-08-30 08:58:05.900,2022-11-06 12:37:49.040,,,,,
us7000i1ui,5.9,Balleny Islands region,2022-08-24 02:41:30.082,2022-11-01 23:13:55.040,,,,0.0,green
us7000i421,4.6,Balleny Islands region,2022-08-24 01:53:01.242,2022-11-01 23:14:36.040,,,,,
us7000i3el,4.3,Balleny Islands region,2022-08-21 07:49:16.798,2022-11-01 23:14:28.040,,,,,
us6000ibls,4.4,Balleny Islands region,2022-08-09 00:11:04.893,2022-10-22 07:19:16.040,,,,,
us6000i775,4.6,Balleny Islands region,2022-07-23 07:29:11.173,2022-09-28 00:57:07.040,,,,,
us7000hsfr,4.9,Balleny Islands region,2022-07-22 00:17:33.717,2022-09-28 00:57:12.040,,,,,
us7000hhts,5.0,Balleny Islands region,2022-06-12 02:45:50.688,2022-08-21 08:16:08.040,,,,,
us7000hhtk,4.6,Balleny Islands region,2022-06-12 00:03:53.946,2022-08-21 08:16:04.040,,,,,
us7000hgq1,5.4,Balleny Islands region,2022-06-11 17:42:55.201,2022-08-21 08:15:57.040,,,,3.046,green
us7000hfxb,4.4,Balleny Islands region,2022-06-03 20:31:10.049,2022-08-07 06:13:30.040,,,,,
us7000hcfh,4.2,Balleny Islands region,2022-05-19 14:14:36.235,2022-07-24 10:40:11.040,,,,,
us7000h6eu,4.9,Balleny Islands region,2022-05-03 02:59:24.371,2022-07-10 05:39:51.040,,,,,
us6000h3cr,5.1,Balleny Islands region,2022-03-05 06:37:03.592,2022-05-08 05:32:57.040,,,,,
us7000gmtt,6.3,Balleny Islands region,2022-02-22 07:24:13.721,2022-05-04 21:39:32.040,,,,3.926,green
us7000gmzn,4.2,Balleny Islands region,2022-02-17 14:04:12.994,2022-04-30 22:18:21.040,,,,,
us7000gmt2,4.6,Balleny Islands region,2022-02-17 02:49:57.724,2022-04-30 22:18:20.040,,,,,
us7000gfjs,5.6,Balleny Islands region,2022-01-27 00:36:19.144,2022-04-10 04:19:07.040,,,,0.0,green
us7000gbnf,4.6,Balleny Islands region,2022-01-04 09:13:46.788,2022-03-13 06:19:19.040,,,,,
us7000frse,4.4,Balleny Islands region,2021-11-03 01:08:40.636,2022-01-15 01:59:05.040,,,,,
us7000fqw8,5.4,Balleny Islands region,2021-11-03 01:00:46.657,2022-01-15 01:58:55.040,,,,0.0,green
us7000fpgb,4.4,Balleny Islands region,2021-10-23 10:45:57.912,2022-01-09 01:43:27.040,,,,,
us7000f7ix,4.4,Balleny Islands region,2021-08-27 01:21:24.383,2021-11-02 22:56:47.040,,,,,
us6000f1xi,4.5,Balleny Islands region,2021-07-28 22:07:11.475,2021-10-03 13:24:25.040,,,,,
us6000et4k,4.7,Balleny Islands region,2021-07-04 06:32:58.791,2021-09-11 04:06:48.040,,,,,
us6000er2h,4.3,Balleny Islands region,2021-06-25 19:36:40.158,2021-09-10 06:06:04.040,,,,,
us7000e3n5,4.9,Balleny Islands region,2021-05-17 08:50:15.061,2021-07-25 05:07:29.040,,,,,
us7000dknf,4.6,Balleny Islands region,2021-03-11 03:10:33.938,2021-05-22 03:52:54.040,,,,,
us6000dg9s,4.9,Balleny Islands region,2021-02-04 05:46:40.816,2021-04-17 03:04:07.040,,,,,
us6000de7m,4.8,Balleny Islands region,2021-01-27 02:48:35.591,2021-04-14 01:06:36.040,,,,,
us6000d7p9,5.4,Balleny Islands region,2021-01-12 18:06:36.856,2021-03-21 05:24:41.040,,,,0.0,green
us6000d7d3,5.3,Balleny Islands region,2021-01-11 12:45:42.638,2021-03-21 05:23:57.040,,,,0.0,green
us7000cs48,4.9,Balleny Islands region,2020-12-15 00:08:05.626,2021-02-21 00:12:42.040,,,,,
us7000cqzk,4.6,Balleny Islands region,2020-12-09 12:45:37.494,2021-02-21 00:11:54.040,,,,,
us7000clt8,6.0,Balleny Islands region,2020-12-02 04:52:57.066,2021-08-31 14:02:15.298,,1.0,1.0,0.0,green
us7000cjr0,5.9,Balleny Islands region,2020-11-26 06:56:04.101,2021-02-07 02:28:14.040,,,,0.0,green
us7000cea0,4.2,Balleny Islands region,2020-11-09 19:44:28.055,2021-01-24 06:25:46.040,,,,,
us7000c9mr,4.7,Balleny Islands region,2020-11-03 16:03:41.117,2021-01-19 07:02:07.040,,,,,
us7000c80y,4.3,Balleny Islands region,2020-10-26 14:04:13.622,2021-01-10 04:05:41.040,,,,,
us6000c0ii,4.6,Balleny Islands region,2020-09-20 06:10:02.339,2020-11-29 05:31:55.040,,,,,
us7000bjne,4.9,Balleny Islands region,2020-09-02 19:32:49.839,2020-11-18 03:44:22.040,,,,,
us7000bjp9,4.7,Balleny Islands region,2020-09-02 12:54:14.178,2020-11-18 03:44:21.040,,,,,
us6000b2pw,4.6,Balleny Islands region,2020-07-16 09:29:49.590,2020-09-27 00:58:23.040,,,,,
us7000at70,4.4,Balleny Islands region,2020-07-15 18:18:37.937,2020-09-27 00:58:45.040,,,,,
us7000at6p,4.6,Balleny Islands region,2020-07-15 12:20:09.897,2020-09-27 00:58:45.040,,,,,
us7000anqz,5.0,Balleny Islands region,2020-07-15 08:53:41.322,2020-09-27 00:58:29.040,,,,,
us7000asi2,4.6,Balleny Islands region,2020-07-15 00:17:27.865,2020-09-20 04:58:35.040,,,,,
us7000an4u,5.2,Balleny Islands region,2020-07-14 09:42:04.856,2020-09-20 04:58:19.040,,,,,
us7000ajcw,4.2,Balleny Islands region,2020-06-30 23:24:43.369,2020-09-06 01:35:44.040,,,,,
us7000ah9m,4.5,Balleny Islands region,2020-06-28 01:34:57.392,2020-09-06 01:35:42.040,,,,,
us7000ah9q,4.4,Balleny Islands region,2020-06-27 22:57:43.502,2020-09-06 01:35:42.040,,,,,
us6000ahtq,4.8,Balleny Islands region,2020-06-17 21:14:16.884,2020-08-30 08:01:11.040,,,,,
us70006x3s,4.3,Balleny Islands region,2019-12-24 00:17:17.837,2020-03-08 01:48:06.040,,,,,
us600062ag,4.5,Balleny Islands region,2019-10-19 20:37:35.964,2020-01-04 00:09:35.040,,,,,
us70005upf,4.1,Balleny Islands region,2019-10-08 08:10:04.483,2019-12-29 04:45:51.040,,,,,
us70005pwv,4.0,Balleny Islands region,2019-09-25 00:45:39.727,2019-12-21 03:04:10.040,,,,,
us70005gyc,4.5,Balleny Islands region,2019-09-05 21:14:50.575,2019-12-01 03:36:15.040,,,,,
us70004nuk,4.7,Balleny Islands region,2019-07-09 12:28:33.578,2019-09-29 04:01:26.040,,,,,
us70004fwl,4.5,Balleny Islands region,2019-06-30 00:56:38.958,2019-09-15 00:08:36.040,,,,,
us600040qf,4.6,Balleny Islands region,2019-06-09 04:24:53.597,2019-08-28 01:47:56.040,,,,,
us2000kce1,4.9,Balleny Islands region,2019-04-09 01:21:33.256,2019-06-18 23:50:55.040,,,,,
us2000ka32,4.7,Balleny Islands region,2019-04-04 13:45:46.217,2019-06-18 23:50:18.040,,,,,
us2000kabg,4.7,Balleny Islands region,2019-03-28 10:54:18.806,2019-06-09 04:51:36.040,,,,,
us2000k751,4.6,Balleny Islands region,2019-03-22 19:56:19.573,2019-06-07 02:54:14.040,,,,,
us2000k752,4.8,Balleny Islands region,2019-03-22 19:51:37.873,2019-06-07 02:54:14.040,,,,,
us1000jjca,4.6,Balleny Islands region,2019-03-12 00:10:08.700,2019-05-25 05:21:44.040,,,,,
us1000hxfd,4.6,Balleny Islands region,2018-11-21 12:49:10.670,2019-02-03 04:02:31.040,,,,,
us1000g6hd,5.5,Balleny Islands region,2018-08-11 02:09:24.320,2022-05-04 03:26:41.834,,,,0.0,green
us2000fyck,4.6,Balleny Islands region,2018-07-03 00:04:27.580,2018-09-27 22:03:42.040,,,,,
us1000eq46,4.5,Balleny Islands region,2018-06-09 18:53:43.130,2018-08-30 00:36:11.040,,,,,
us1000ekd1,4.5,Balleny Islands region,2018-06-02 10:40:47.880,2018-08-29 00:30:05.040,,,,,
us1000d5gr,5.0,Balleny Islands region,2018-03-17 07:41:20.320,2018-06-12 05:53:48.040,,,,,
us2000daxt,4.6,Balleny Islands region,2018-02-21 10:35:34.590,2018-05-22 10:00:20.040,,,,,
us2000cnet,5.4,Balleny Islands region,2018-01-24 05:52:30.840,2018-04-20 15:05:12.040,,,,,
us2000cpxv,4.6,Balleny Islands region,2018-01-15 19:02:14.740,2018-04-10 09:11:41.040,,,,,
us2000cpur,4.4,Balleny Islands region,2018-01-13 13:04:34.120,2018-04-03 09:40:29.040,,,,,
us2000chu0,4.6,Balleny Islands region,2017-12-25 09:42:58.390,2018-03-17 09:54:34.040,,,,,
us1000buhq,4.7,Balleny Islands region,2017-12-15 13:45:28.260,2018-03-06 08:49:41.040,,,,,
us1000bjxi,4.3,Balleny Islands region,2017-11-26 05:07:49.300,2018-02-14 10:01:15.040,,,,,
us1000bjcj,4.5,Balleny Islands region,2017-11-21 10:26:42.210,2018-02-14 10:01:08.040,,,,,
us2000bqhk,4.9,Balleny Islands region,2017-11-11 02:01:50.190,2018-01-31 11:04:47.040,,,,,
us1000auib,4.9,Balleny Islands region,2017-10-13 07:29:17.300,2018-01-09 10:14:57.040,,,,,
us1000at9r,4.7,Balleny Islands region,2017-10-09 08:25:11.620,2018-01-09 10:14:52.040,,,,,
us100096pz,4.7,Balleny Islands region,2017-06-28 04:32:14.930,2017-09-27 10:03:16.040,,,,,
us20009kit,5.9,Balleny Islands region,2017-06-04 03:17:33.950,2022-05-04 03:51:26.475,,,,0.0,green
us10008rf8,4.4,Balleny Islands region,2017-05-05 16:55:21.400,2017-07-29 11:16:22.040,,,,,
us10008kv0,5.2,Balleny Islands region,2017-04-26 05:20:27.090,2017-07-21 10:32:06.040,,,,,
us20008ubk,4.7,Balleny Islands region,2017-03-18 10:33:28.220,2017-06-07 08:33:43.040,,,,,
us20008sri,4.6,Balleny Islands region,2017-03-10 22:41:54.640,2017-05-31 09:59:01.040,,,,,
us1000889q,4.8,Balleny Islands region,2017-03-05 01:22:16.550,2017-05-24 10:48:16.040,,,,,
us20008iyv,4.7,Balleny Islands region,2017-01-29 03:31:42.360,2017-04-20 02:31:03.040,,,,,
us10007ue5,4.1,Balleny Islands region,2017-01-04 00:04:39.280,2017-03-28 07:53:20.040,,,,,
us10007m9s,4.9,Balleny Islands region,2016-12-16 11:50:40.590,2017-03-16 10:31:22.040,,,,,
us200082v8,4.5,Balleny Islands region,2016-12-13 01:40:49.590,2017-03-09 10:14:29.040,,,,,
us20007dth,4.8,Balleny Islands region,2016-10-13 22:38:35.100,2017-01-07 08:20:52.040,,,,,
us10006scp,4.8,Balleny Islands region,2016-09-25 05:11:30.600,2016-12-14 11:17:47.040,,,,,
us10006f5c,4.4,Balleny Islands region,2016-08-16 19:55:19.230,2016-11-15 10:21:50.040,,,,,
us200064hq,5.7,Balleny Islands region,2016-06-15 14:58:27.280,2022-05-04 01:50:13.751,,0.0,1.0,0.0,green
us20005y4h,4.5,Balleny Islands region,2016-05-20 18:44:24.950,2016-08-04 06:33:39.040,,,,,
us20005y4b,4.7,Balleny Islands region,2016-05-20 14:06:14.660,2016-08-04 06:33:38.040,,0.0,1.0,,
us20005y47,4.3,Balleny Islands region,2016-05-20 12:37:54.600,2016-08-04 06:33:38.040,,0.0,1.0,,
us10005g1a,5.5,Balleny Islands region,2016-05-09 09:33:33.920,2022-05-04 01:48:39.917,,0.0,1.0,,
us10005e9g,4.8,Balleny Islands region,2016-04-28 08:53:03.810,2016-07-08 10:49:26.040,,0.0,1.0,,
us10004ssu,5.7,Balleny Islands region,2016-02-26 09:49:36.830,2022-05-04 01:41:15.279,,,,0.0,green
us10004r2f,4.8,Balleny Islands region,2016-02-17 10:54:54.440,2016-11-11 06:12:44.006,,0.0,1.0,,
us20004x0t,4.9,Balleny Islands region,2016-02-04 15:13:44.940,2016-11-11 06:11:18.250,,0.0,1.0,,
us20004y35,4.9,Balleny Islands region,2016-02-02 10:54:11.340,2016-11-11 06:10:57.736,,,,,
us20004x3t,4.4,Balleny Islands region,2016-02-01 11:17:46.520,2016-04-15 06:51:38.040,,0.0,1.0,,
us10004g13,4.6,Balleny Islands region,2016-01-15 21:45:43.380,2016-11-11 06:08:29.993,,0.0,1.0,,
us10004fne,4.6,Balleny Islands region,2016-01-15 00:58:15.810,2016-03-30 10:28:00.040,,,,,
us100048ti,4.8,Balleny Islands region,2015-12-19 06:21:41.120,2016-11-11 06:05:03.837,,0.0,1.0,,
us100048tj,4.7,Balleny Islands region,2015-12-19 06:15:31.390,2016-11-11 06:05:01.479,,,,,
us1000450z,4.8,Balleny Islands region,2015-12-08 12:12:36.780,2016-11-11 06:03:56.946,,,,,
us100043bn,4.3,Balleny Islands region,2015-12-02 06:32:20.790,2016-02-26 06:33:04.040,,,,,
us10003zjk,4.4,Balleny Islands region,2015-11-16 18:20:13.040,2016-02-13 10:08:24.040,,,,,
us10003yqa,4.3,Balleny Islands region,2015-11-12 16:16:55.530,2016-11-11 06:00:21.805,,,,,
us100031yl,4.4,Balleny Islands region,2015-07-25 18:13:39.930,2015-10-23 04:04:58.040,,0.0,1.0,,
us20002zsl,5.0,Balleny Islands region,2015-07-24 16:22:59.680,2015-10-23 04:04:55.040,,0.0,1.0,,
us20002yy7,4.5,Balleny Islands region,2015-07-04 07:36:53.450,2015-09-30 08:20:54.040,,0.0,1.0,,
us10002b5m,4.8,Balleny Islands region,2015-05-11 21:25:04.080,2015-07-17 15:06:08.040,,,,,
us10002b59,4.7,Balleny Islands region,2015-05-11 15:24:04.280,2015-07-17 15:06:07.040,,,,,
us200027ul,5.0,Balleny Islands region,2015-04-21 02:19:53.200,2015-06-27 07:15:59.040,,,,,
us200028d5,4.6,Balleny Islands region,2015-04-16 23:33:26.670,2015-06-27 07:15:53.040,,,,,
usc000tli7,4.4,Balleny Islands region,2015-01-27 21:23:42.790,2015-04-25 00:56:12.040,,0.0,1.0,,
usb000sylf,4.5,Balleny Islands region,2014-11-10 23:20:48.420,2015-01-31 10:50:16.040,,0.0,1.0,,
usc000sul9,4.6,Balleny Islands region,2014-10-23 16:39:31.770,2015-01-17 09:25:33.040,,0.0,1.0,,
usb000spuu,4.8,Balleny Islands region,2014-10-23 04:21:08.670,2015-01-17 09:25:32.040,,0.0,1.0,,
usc000sunb,4.2,Balleny Islands region,2014-10-23 01:44:20.470,2015-01-17 09:25:32.040,,0.0,1.0,,
usc000sun4,4.5,Balleny Islands region,2014-10-23 00:58:50.460,2015-01-17 09:25:32.040,,0.0,1.0,,
usc000sunp,4.5,Balleny Islands region,2014-10-23 00:05:33.710,2015-01-17 09:25:32.040,,0.0,1.0,,
usc000sumt,4.2,Balleny Islands region,2014-10-22 21:59:53.420,2015-01-17 09:25:32.040,,0.0,1.0,,
usb000spqg,4.8,Balleny Islands region,2014-10-22 21:30:17.330,2015-01-17 09:25:32.040,,0.0,1.0,,
usc000sumq,4.5,Balleny Islands region,2014-10-22 21:07:57.580,2015-01-17 09:25:32.040,,0.0,1.0,,
usc000sun3,4.7,Balleny Islands region,2014-10-22 20:14:34.420,2015-01-17 09:25:32.040,,0.0,1.0,,
usc000sum3,4.7,Balleny Islands region,2014-10-22 19:36:16.840,2015-01-17 09:25:32.040,,0.0,1.0,,
usc000sumn,4.6,Balleny Islands region,2014-10-22 19:32:04.550,2015-01-17 09:25:32.040,,0.0,1.0,,
usc000sumx,4.4,Balleny Islands region,2014-10-22 19:08:18.910,2015-01-17 09:25:32.040,,0.0,1.0,,
usc000suma,4.2,Balleny Islands region,2014-10-22 19:05:54.220,2015-01-17 09:25:32.040,,0.0,1.0,,
usc000sumy,4.8,Balleny Islands region,2014-10-22 18:40:15.160,2015-01-17 09:25:32.040,,0.0,1.0,,
usc000sumu,4.3,Balleny Islands region,2014-10-22 15:55:28.050,2015-01-17 09:25:31.040,,0.0,1.0,,
usc000suns,4.4,Balleny Islands region,2014-10-22 12:58:45.230,2015-01-17 09:25:31.040,,0.0,1.0,,
usc000sum2,4.3,Balleny Islands region,2014-10-22 11:36:01.510,2015-01-17 09:25:31.040,,0.0,1.0,,
usc000sunh,4.3,Balleny Islands region,2014-10-22 08:32:45.640,2015-01-17 09:25:31.040,,0.0,1.0,,
usb000spms,5.6,Balleny Islands region,2014-10-22 07:01:18.320,2022-05-04 01:04:42.603,,0.0,1.0,0.0,green
usb000sp4a,5.7,Balleny Islands region,2014-10-20 15:58:52.360,2022-05-04 01:04:41.037,,0.0,1.0,0.0,green
usb000sknx,4.5,Balleny Islands region,2014-09-30 15:32:22.110,2014-12-20 08:54:03.040,,,,,
usb000sknv,4.8,Balleny Islands region,2014-09-30 15:24:44.990,2014-12-20 08:54:03.040,,,,,
usb000sfhp,4.4,Balleny Islands region,2014-09-13 22:11:56.010,2014-12-09 07:30:59.040,,,,,
usb000seas,4.5,Balleny Islands region,2014-09-11 12:06:30.160,2014-12-09 07:30:56.040,,,,,
usc000s8s0,4.6,Balleny Islands region,2014-09-02 02:33:38.480,2014-11-29 08:09:24.000,,,,,
usb000s1ut,4.5,Balleny Islands region,2014-07-31 01:25:01.490,2014-10-30 03:52:51.000,,,,,
usb000s1uy,4.6,Balleny Islands region,2014-07-31 00:25:45.980,2014-10-30 03:52:51.000,,,,,
usb000s1e4,4.8,Balleny Islands region,2014-07-29 23:28:34.260,2014-10-25 09:49:43.000,,,,,
usb000s188,4.6,Balleny Islands region,2014-07-28 15:36:24.210,2014-10-25 09:49:40.000,,,,,
usb000rzse,4.7,Balleny Islands region,2014-07-24 02:27:52.300,2014-10-25 09:49:33.000,,,,,
usb000rrb8,5.8,Balleny Islands region,2014-07-10 01:58:11.820,2022-05-04 00:56:10.715,,,,0.0,green
usc000rpfu,6.0,Balleny Islands region,2014-07-02 13:53:29.200,2022-05-04 00:55:45.124,,,,0.0,green
usb000rvmv,4.5,Balleny Islands region,2014-06-28 19:08:59.630,2014-09-26 19:49:42.000,,,,,
usb000rvmq,4.6,Balleny Islands region,2014-06-28 16:37:08.620,2014-09-26 19:49:41.000,,,,,
usb000rvml,4.4,Balleny Islands region,2014-06-28 16:09:06.940,2014-09-26 19:49:41.000,,,,,
usb000rvmk,4.7,Balleny Islands region,2014-06-28 15:55:04.490,2014-09-26 19:49:41.000,,,,,
usb000qx7z,5.0,Balleny Islands region,2014-05-21 04:05:08.870,2014-08-09 10:53:51.000,,,,,
usb000qks6,4.6,Balleny Islands region,2014-04-21 15:14:44.940,2014-07-04 09:34:51.000,,,,,
usb000pqfe,5.8,Balleny Islands region,2014-04-19 03:05:04.770,2022-05-04 00:48:14.588,,,,0.0,green
usb000pnwe,5.2,Balleny Islands region,2014-04-17 23:11:01.480,2014-07-04 09:33:24.000,,,,,
usb000pnw2,6.2,Balleny Islands region,2014-04-17 23:06:51.490,2022-05-04 00:48:02.442,,,,0.0,green
usc000mqlr,4.8,Balleny Islands region,2014-02-01 04:03:27.610,2014-04-08 09:43:19.000,,,,,
usb000kyce,4.3,Balleny Islands region,2013-10-30 22:28:22.420,2014-01-10 18:03:37.000,,,,,
usb000jc5s,4.5,Balleny Islands region,2013-08-20 19:36:10.190,2013-10-26 04:09:22.000,,,,,
usb000j4gw,4.5,Balleny Islands region,2013-08-10 08:58:19.800,2013-10-13 05:32:33.000,,,,,
usb000j2vf,5.0,Balleny Islands region,2013-08-06 09:47:01.310,2013-10-13 05:32:29.000,,,,,
usb000j2v7,4.1,Balleny Islands region,2013-08-06 00:26:04.900,2013-09-26 01:45:53.000,,,,,
usb000ivk9,5.0,Balleny Islands region,2013-08-06 00:18:18.650,2013-09-26 01:45:53.000,,,,,
usb000it0f,4.8,Balleny Islands region,2013-07-26 06:48:44.130,2014-11-07 09:51:20.250,,,,,
usb000i386,4.8,Balleny Islands region,2013-06-29 12:28:01.670,2014-11-07 09:51:08.127,,,,,
us2013qxc8,4.6,Balleny Islands region,2013-06-02 04:40:54.500,2014-11-07 09:50:59.090,,,,,
usb000giq7,5.4,Balleny Islands region,2013-04-30 22:39:16.820,2014-11-07 09:50:39.985,,,,,
usc000gp2k,4.6,Balleny Islands region,2013-04-26 04:53:25.150,2014-11-07 09:50:38.815,,,,,
us2013njcj,4.5,Balleny Islands region,2013-03-31 03:36:53.160,2014-11-07 09:50:25.309,,,,,
usp000jzzc,4.6,Balleny Islands region,2013-03-29 19:10:30.180,2014-11-07 09:50:24.766,,,,,
us2013nicy,4.2,Balleny Islands region,2013-03-29 13:19:29.470,2014-11-07 09:50:24.484,,,,,
usp000jz0p,5.5,Balleny Islands region,2013-02-06 03:09:34.240,2022-05-04 00:05:07.334,,,,,
usp000ju4x,4.9,Balleny Islands region,2012-10-19 05:24:21.940,2014-11-07 09:49:06.831,,,,,
usp000jteb,5.5,Balleny Islands region,2012-10-03 03:41:29.440,2022-05-03 23:51:17.204,,,,,
usp000jrcs,4.2,Balleny Islands region,2012-09-01 12:51:24.390,2014-11-07 09:48:43.965,,,,,
usp000jqnv,5.5,Balleny Islands region,2012-08-24 15:03:10.520,2014-11-07 09:48:36.816,,,,,
usp000jptq,5.1,Ross Sea,2012-08-03 14:06:09.990,2014-11-07 09:48:29.740,,,,,
usp000jpjf,4.7,Balleny Islands region,2012-07-29 02:11:35.290,2014-11-07 09:48:24.698,,,,,
usp000jn20,4.3,Balleny Islands region,2012-06-22 05:23:20.730,2014-11-07 09:48:07.653,,,,,
usp000jk6v,4.8,Balleny Islands region,2012-05-09 12:18:25.770,2014-11-07 09:47:46.088,,,,,
usp000jk6r,4.6,Balleny Islands region,2012-05-09 09:00:32.020,2014-11-07 09:47:46.073,,,,,
usp000jk6q,4.6,Balleny Islands region,2012-05-09 08:41:24.390,2014-11-07 09:47:46.068,,,,,
usp000jfpr,5.0,Balleny Islands region,2012-03-02 20:25:30.770,2014-11-07 09:47:09.512,,,,,
usp000jdse,5.0,Balleny Islands region,2012-01-21 11:19:50.710,2014-11-07 09:46:49.038,,,,,
usp000jcf2,4.7,Balleny Islands region,2011-12-21 13:08:24.920,2014-11-07 09:46:36.101,,,,,
usp000jcdp,4.6,Balleny Islands region,2011-12-20 03:38:29.740,2014-11-07 09:46:35.782,,,,,
usp000jb7d,4.6,Antarctica,2011-11-22 01:24:45.190,2014-11-07 09:46:23.568,,,,,
usp000jahn,5.1,Balleny Islands region,2011-11-08 02:23:03.630,2014-11-07 09:46:18.980,,,,,
usp000jahf,5.2,Balleny Islands region,2011-11-08 01:00:47.550,2014-11-07 09:46:18.964,,,,,
usp000jahe,5.8,Balleny Islands region,2011-11-08 00:51:25.100,2022-04-09 06:10:53.655,,,,,
usp000j9jq,4.8,Balleny Islands region,2011-10-20 04:17:24.540,2014-11-07 09:46:08.062,,,,,
usp000j9h5,5.2,Balleny Islands region,2011-10-19 03:36:10.130,2014-11-07 09:46:07.800,,,,,
usp000j6ns,4.5,"Victoria Land, Antarctica",2011-08-19 11:02:57.030,2014-11-07 09:45:38.141,,,,,
usp000j59g,6.0,Balleny Islands region,2011-07-22 07:01:42.510,2022-04-09 05:55:21.343,,,,,
usp000j4xp,5.0,Balleny Islands region,2011-07-15 09:23:19.340,2014-11-07 09:45:22.059,,,,,
usp000j3up,5.3,Balleny Islands region,2011-06-28 04:31:46.220,2014-11-07 09:45:11.082,,,,,
usp000j3um,5.4,Balleny Islands region,2011-06-28 04:04:16.360,2014-11-07 09:45:11.071,,,,,
usp000j3c0,5.4,Balleny Islands region,2011-06-18 13:56:31.040,2014-11-07 09:45:06.749,,,,,
usp000j3bm,5.4,Balleny Islands region,2011-06-18 10:18:48.950,2014-11-07 09:45:06.679,,,,,
usp000j25f,5.0,Balleny Islands region,2011-05-25 03:11:28.620,2014-11-07 09:44:54.908,,,,,
usp000j0e0,5.1,Balleny Islands region,2011-04-23 01:45:18.590,2014-11-07 09:44:36.483,,,,,
usp000j0dy,5.2,Balleny Islands region,2011-04-23 01:06:29.910,2014-11-07 09:44:36.445,,,,,
usp000hv92,5.0,Balleny Islands region,2011-03-03 06:44:48.160,2014-11-07 09:43:50.798,,,,,
usp000hta6,5.2,Balleny Islands region,2011-01-18 14:19:07.680,2014-11-07 09:43:27.361,,,,,
usp000hta4,5.3,Balleny Islands region,2011-01-18 13:15:15.550,2014-11-07 09:43:27.355,,,,,
usp000hqrp,5.3,Balleny Islands region,2010-12-10 22:59:11.470,2016-11-10 10:37:11.917,,,,,
usp000hqqr,4.0,Balleny Islands region,2010-12-09 22:53:53.550,2014-11-07 09:43:05.852,,,,,
usp000hpc8,4.7,Balleny Islands region,2010-11-10 17:33:29.110,2014-11-07 09:42:53.661,,,,,
usp000hp7b,5.1,Balleny Islands region,2010-11-07 03:29:28.450,2016-11-10 10:35:46.473,,,,,
usp000hnj3,4.6,Balleny Islands region,2010-10-25 21:46:01.620,2014-11-07 09:42:45.463,,,,,
usp000hmbn,4.5,Balleny Islands region,2010-09-30 01:01:43.780,2014-11-07 09:42:31.762,,,,,
usp000hmbf,4.1,Balleny Islands region,2010-09-29 21:05:56.230,2014-11-07 09:42:31.744,,,,,
usp000hm9y,5.3,Balleny Islands region,2010-09-28 17:37:45.080,2016-11-10 10:33:45.473,,,,,
gcmtc201009100240a,5.0,Balleny Islands region,2010-09-10 10:40:24.000,2016-11-10 10:32:54.526,,,,,
usp000hkgr,5.1,Balleny Islands region,2010-09-10 01:15:37.420,2016-11-10 10:32:54.008,,,,,
usp000hhzg,5.1,Balleny Islands region,2010-08-12 08:59:21.950,2016-11-10 10:31:46.908,,,,,
usp000hf9e,4.6,Balleny Islands region,2010-07-14 21:21:59.470,2014-11-07 09:41:53.225,,,,,
usp000hdej,4.2,Antarctica,2010-06-01 09:56:48.640,2014-11-07 09:41:36.020,,,,,
usp000hd82,4.7,Balleny Islands region,2010-05-28 00:03:22.790,2014-11-07 09:41:33.292,,,,,
usp000hd5b,5.5,Balleny Islands region,2010-05-25 17:19:32.340,2022-05-03 05:57:26.708,,,,,
usp000hcwh,5.3,Balleny Islands region,2010-05-18 17:45:22.210,2016-11-10 10:28:22.875,,,,,
usp000hb1z,5.2,Balleny Islands region,2010-04-09 19:50:36.770,2016-11-10 10:26:50.094,,,,,
usp000h6uv,5.3,Balleny Islands region,2010-02-01 20:48:48.980,2016-11-10 10:23:36.944,,,,,
usp000h5ru,4.9,Balleny Islands region,2010-01-05 20:38:00.020,2014-11-07 09:40:25.300,,,,,
usp000h3t6,4.4,Balleny Islands region,2009-11-06 16:06:18.890,2014-11-07 09:40:04.839,,,,,
usp000h3t5,5.3,Balleny Islands region,2009-11-06 15:51:18.570,2016-11-10 10:20:05.025,,,,,
gcmtc200909011802a,5.2,Balleny Islands region,2009-09-02 02:02:00.000,2016-11-10 10:16:48.245,,,,,
usp000h14e,5.2,Balleny Islands region,2009-09-02 02:01:58.590,2016-11-09 16:01:42.482,,,,,
usp000h11v,4.3,Balleny Islands region,2009-08-30 20:36:22.300,2014-11-07 09:39:35.264,,,,,
usp000gz20,4.1,Balleny Islands region,2009-07-09 07:58:21.250,2014-11-07 09:39:18.300,,,,,
usp000gxhk,4.8,Balleny Islands region,2009-05-26 13:06:08.610,2014-11-07 09:39:01.089,,,,,
usp000gxgq,5.5,Balleny Islands region,2009-05-25 14:40:14.330,2022-05-03 04:28:07.829,,,,,
gcmtc200905230903a,5.0,Balleny Islands region,2009-05-23 17:03:20.000,2016-11-10 10:12:16.579,,,,,
usp000gvr3,5.9,Balleny Islands region,2009-04-04 15:19:41.710,2022-05-03 04:15:01.556,,,,,
usp000gvg7,5.0,Balleny Islands region,2009-03-28 08:43:19.050,2016-11-10 10:10:10.358,,,,,
usp000gvdu,5.2,Balleny Islands region,2009-03-26 04:25:12.600,2016-11-10 10:10:01.330,,,,,
usp000gv1e,4.5,Balleny Islands region,2009-03-16 18:58:47.250,2014-11-07 09:38:35.515,,,,,
usp000guzj,5.0,Balleny Islands region,2009-03-14 15:53:27.480,2016-11-10 10:09:28.400,,,,,
usp000gnh0,5.1,Balleny Islands region,2008-11-12 12:21:46.570,2016-11-10 10:03:59.827,,,,,
usp000gjrz,5.0,Balleny Islands region,2008-10-09 17:01:26.470,2016-11-10 10:02:36.279,,,,,
usp000g9ur,5.2,Balleny Islands region,2008-06-17 04:13:01.730,2016-11-10 09:57:29.776,,,,,
usp000g0db,5.0,Balleny Islands region,2008-03-01 20:05:16.720,2016-11-10 09:52:33.952,,,,,
usp000g0cp,5.3,Balleny Islands region,2008-03-01 17:06:56.900,2016-11-10 09:52:32.754,,,,,
usp000fwdw,5.1,Balleny Islands region,2008-01-11 03:05:37.200,2016-11-10 09:50:33.255,,,,,
usp000ft8w,0.0,Balleny Islands region,2007-11-25 18:16:40.970,2014-11-07 09:34:14.520,,,,,
usp000fsz7,4.3,Balleny Islands region,2007-11-20 23:22:25.220,2014-11-07 09:34:12.557,,,,,
usp000fswt,4.9,Balleny Islands region,2007-11-20 00:31:49.910,2014-11-07 09:34:12.126,,,,,
gcmtc200711052058a,5.2,Balleny Islands region,2007-11-06 04:58:48.000,2016-11-10 09:47:43.383,,,,,
usp000frxx,4.6,Balleny Islands region,2007-11-04 08:16:23.190,2014-11-07 09:34:06.892,,,,,
usp000frg2,5.1,Balleny Islands region,2007-10-29 02:25:12.570,2016-11-10 09:47:25.522,,,,,
usp000fr0b,4.3,Balleny Islands region,2007-10-21 21:12:27.070,2014-11-07 09:33:58.185,,,,,
usp000fnpz,4.9,Balleny Islands region,2007-09-19 23:42:00.220,2016-11-10 09:45:38.979,,,,,
usp000fmt6,5.4,Balleny Islands region,2007-09-10 06:02:06.060,2016-11-10 09:45:04.326,,,,,
usp000fj4v,4.1,Balleny Islands region,2007-08-08 10:21:34.680,2014-11-07 09:33:13.098,,,,,
usp000fhd9,5.2,Balleny Islands region,2007-07-30 06:42:08.640,2016-11-10 09:42:51.564,,,,,
usp000fh54,5.7,Balleny Islands region,2007-07-27 02:12:39.630,2022-05-03 04:22:50.122,,,,,
usp000ffe7,5.2,Balleny Islands region,2007-07-04 09:01:18.000,2016-11-10 09:41:47.336,,,,,
usp000fduh,4.4,Balleny Islands region,2007-06-12 03:42:15.070,2014-11-07 09:32:41.231,,,,,
usp000f9u9,5.8,Balleny Islands region,2007-04-16 09:24:07.110,2022-05-03 04:11:23.873,,,,,
usp000f8g0,5.4,Balleny Islands region,2007-04-03 21:49:15.240,2016-11-10 09:37:51.135,,,,,
usp000f7j3,5.3,Balleny Islands region,2007-03-27 05:15:35.680,2016-11-10 09:37:22.717,,,,,
usp000f2nr,5.4,Balleny Islands region,2007-01-15 16:17:52.560,2016-11-10 09:33:37.018,,,,,
usp000f1x5,4.4,Balleny Islands region,2007-01-08 06:06:47.370,2014-11-07 09:31:19.697,,,,,
usp000ezb6,5.3,Balleny Islands region,2006-12-02 13:11:51.140,2016-11-10 09:32:00.809,,,,,
usp000ez2n,4.2,Balleny Islands region,2006-11-29 03:34:34.760,2014-11-07 09:30:58.424,,,,,
usp000ez2a,0.0,Balleny Islands region,2006-11-29 00:46:32.270,2016-11-10 09:31:49.927,,,,,
usp000ewde,5.1,Balleny Islands region,2006-11-01 14:11:03.430,2016-11-10 09:30:20.917,,,,,
usp000er7d,5.2,Balleny Islands region,2006-08-18 07:58:55.770,2016-11-10 09:27:08.331,,,,,
usp000er4p,4.3,Balleny Islands region,2006-08-17 13:07:58.430,2014-11-07 09:29:58.988,,,,,
usp000eqtv,5.2,Balleny Islands region,2006-08-13 04:17:05.000,2016-11-10 09:26:53.606,,,,,
usp000ek7g,4.1,Balleny Islands region,2006-06-12 22:33:13.140,2014-11-07 09:29:21.733,,,,,
usp000eezm,5.3,Balleny Islands region,2006-04-20 17:01:03.910,2016-11-10 09:20:47.533,,,,,
usp000ecsg,5.7,Balleny Islands region,2006-03-23 21:57:41.600,2022-05-02 23:27:37.620,,,,,
usp000ecea,4.4,Balleny Islands region,2006-03-19 06:20:43.520,2014-11-07 09:28:32.629,,,,,
usp000ebky,4.4,Balleny Islands region,2006-03-07 19:25:01.220,2014-11-07 09:28:29.251,,,,,
usp000eavd,5.4,Balleny Islands region,2006-02-26 07:05:01.580,2016-11-10 09:18:01.462,,,,,
usp000e8w6,5.6,Balleny Islands region,2006-01-26 18:43:26.090,2022-05-03 02:13:29.935,,,,,
usp000e529,5.7,Balleny Islands region,2005-11-28 11:28:13.330,2022-05-03 02:07:43.836,,,,,
usp000e3v0,5.3,Balleny Islands region,2005-11-10 05:56:29.730,2016-11-10 09:14:17.865,,,,,
usp000e1jr,4.9,Balleny Islands region,2005-10-11 09:10:45.770,2014-11-07 09:27:22.239,,,,,
usp000e08m,4.8,Balleny Islands region,2005-09-26 04:03:39.950,2014-11-07 09:27:09.634,,,,,
usp000dx7b,4.7,Balleny Islands region,2005-08-13 03:24:44.150,2014-11-07 09:26:48.538,,,,,
usp000dur2,5.3,Balleny Islands region,2005-07-08 06:10:21.770,2016-11-10 09:08:15.033,,,,,
usp000dtzd,3.9,Balleny Islands region,2005-06-27 07:51:51.990,2014-11-07 09:26:17.778,,,,,
usp000dqpy,4.6,Balleny Islands region,2005-05-13 21:48:01.980,2014-11-07 09:25:52.915,,,,,
usp000dqfq,4.5,Balleny Islands region,2005-05-11 16:16:44.820,2014-11-07 09:25:51.607,,,,,
usp000d8u5,4.6,Balleny Islands region,2004-11-20 22:24:12.020,2014-11-07 09:24:03.213,,,,,
usp000d84s,4.5,Balleny Islands region,2004-11-11 20:00:32.380,2014-11-07 09:23:58.973,,,,,
usp000d6yn,5.5,Balleny Islands region,2004-10-24 13:37:18.520,2016-11-10 08:49:55.633,,,,,
usp000d66z,4.4,Balleny Islands region,2004-10-11 21:55:13.490,2014-11-07 09:23:44.484,,,,,
usp000d4t0,4.7,Balleny Islands region,2004-09-21 22:41:11.470,2014-11-07 09:23:32.234,,,,,
usp000d357,5.5,Balleny Islands region,2004-08-30 06:08:33.680,2016-11-10 08:44:15.739,,,,,
usp000d0fa,0.0,Balleny Islands region,2004-07-19 09:19:07.260,2014-11-07 09:22:55.742,,,,,
usp000cxt7,4.5,Balleny Islands region,2004-06-13 05:42:05.400,2014-11-07 09:22:37.246,,,,,
usp000cxaf,4.4,Balleny Islands region,2004-06-07 11:54:26.880,2014-11-07 09:22:34.706,,,,,
usp000cwc1,4.7,Balleny Islands region,2004-05-27 14:47:44.280,2014-11-07 09:22:25.075,,,,,
usp000cv6u,4.1,Balleny Islands region,2004-05-16 17:18:23.170,2014-11-07 09:22:19.722,,,,,
usp000cv2u,4.6,Balleny Islands region,2004-05-15 10:13:51.920,2014-11-07 09:22:18.858,,,,,
usp000cuj7,0.0,Balleny Islands region,2004-05-09 21:49:47.650,2014-11-07 09:22:16.240,,,,,
usp000cu9n,0.0,Balleny Islands region,2004-05-06 19:27:50.390,2014-11-07 09:22:15.165,,,,,
usp000csng,0.0,Balleny Islands region,2004-04-16 19:28:01.900,2014-11-07 09:22:00.536,,,,,
usp000crxn,4.1,Balleny Islands region,2004-04-08 01:00:37.930,2014-11-07 09:21:55.682,,,,,
usp000cpgf,4.7,Balleny Islands region,2004-03-09 21:29:49.840,2014-11-07 09:21:40.183,,,,,
usp000cpgd,4.8,Balleny Islands region,2004-03-09 21:17:12.470,2014-11-07 09:21:40.178,,,,,
usp000cpgc,5.9,Balleny Islands region,2004-03-09 21:08:07.670,2022-05-03 01:05:20.505,,,,,
usp000ccd4,5.1,Balleny Islands region,2003-11-09 08:25:36.050,2016-11-10 07:55:30.141,,,,,
usp000ccam,4.8,Balleny Islands region,2003-11-08 05:18:29.370,2014-11-07 09:20:25.648,,,,,
usp000caxf,4.5,Antarctica,2003-10-21 15:16:00.480,2014-11-07 09:20:14.190,,,,,
usp000c8q8,5.4,Balleny Islands region,2003-09-26 23:22:58.550,2016-11-10 07:34:26.133,,,,,
usp000c7cf,0.0,Balleny Islands region,2003-09-13 05:36:47.100,2014-11-07 09:19:48.611,,,,,
usp000c7cb,0.0,Balleny Islands region,2003-09-13 04:09:19.050,2014-11-07 09:19:48.606,,,,,
usp000c6y2,0.0,Balleny Islands region,2003-09-07 07:07:15.140,2014-11-07 09:19:46.879,,,,,
usp000c616,5.4,Balleny Islands region,2003-08-27 10:50:42.860,2016-11-10 07:20:43.218,,,,,
usp000c48b,4.7,Balleny Islands region,2003-08-06 09:46:54.430,2014-11-07 09:19:28.086,,,,,
usp000bxb8,4.6,Balleny Islands region,2003-05-16 20:02:58.000,2014-11-07 09:18:37.232,,,,,
usp000bskx,4.7,Balleny Islands region,2003-03-14 11:14:09.520,2014-11-07 09:18:04.508,,,,,
usp000bskv,5.9,Balleny Islands region,2003-03-14 10:55:45.330,2022-05-03 00:27:36.975,,,,,
usp000bj8u,4.6,Balleny Islands region,2002-11-24 04:39:52.880,2014-11-07 09:17:10.704,,,,,
usp000b5cd,4.6,Balleny Islands region,2002-06-02 08:05:35.630,2014-11-07 09:15:44.405,,,,,
usp000b3bu,4.7,Balleny Islands region,2002-04-29 03:55:28.540,2014-11-07 09:15:29.313,,,,,
usp000b0ys,4.3,Balleny Islands region,2002-03-24 21:45:42.100,2014-11-07 09:15:13.709,,,,,
usp000ayr2,,Balleny Islands region,2002-02-19 07:16:08.750,2014-11-07 09:14:56.297,,,,,
usp000avtu,2.5,"Victoria Land, Antarctica",2002-01-04 21:13:54.000,2014-11-07 09:14:38.515,,,,,
usp000at7c,4.7,Balleny Islands region,2001-11-21 03:29:03.730,2014-11-07 09:14:17.055,,,,,
usp000aqvg,4.6,Balleny Islands region,2001-10-14 04:32:29.240,2014-11-07 09:13:59.505,,,,,
usp000ap17,4.0,Balleny Islands region,2001-09-12 13:00:53.730,2014-11-07 09:13:47.267,,,,,
usp000ak3g,5.4,Balleny Islands region,2001-07-25 02:53:53.940,2016-11-10 07:03:29.307,,,,,
usp000ajy0,4.8,Balleny Islands region,2001-07-21 23:23:40.270,2014-11-07 09:13:19.638,,,,,
usp000a68d,4.5,Balleny Islands region,2000-12-18 07:13:31.150,2014-11-07 09:11:44.533,,,,,
usp0009xd8,4.8,Balleny Islands region,2000-07-30 00:04:45.060,2014-11-07 09:10:41.603,,,,,
usp0009uyu,4.6,Balleny Islands region,2000-06-22 14:05:34.340,2014-11-07 09:10:24.094,,,,,
usp0009tnd,5.9,Balleny Islands region,2000-05-30 14:39:00.230,2022-04-30 02:39:13.610,,,,,
usp0009p2r,,Balleny Islands region,2000-02-29 03:46:30.260,2014-11-07 09:09:34.579,,,,,
usp0009p2q,,Balleny Islands region,2000-02-29 03:38:32.540,2014-11-07 09:09:34.578,,,,,
usp0009nzg,4.9,Balleny Islands region,2000-02-26 14:19:02.770,2014-11-07 09:09:33.852,,,,,
usp0009kg6,4.8,Balleny Islands region,1999-12-30 15:04:40.190,2014-11-07 09:09:12.552,,,,,
usp0009bsb,4.6,Balleny Islands region,1999-07-18 07:20:03.520,2014-11-07 09:08:06.749,,,,,
usp0009b53,4.7,Balleny Islands region,1999-07-06 13:20:44.540,2014-11-07 09:08:03.357,,,,,
usp00093j1,4.8,Balleny Islands region,1999-02-27 16:24:20.730,2014-11-07 09:07:05.421,,,,,
usp00093hw,5.6,Balleny Islands region,1999-02-27 15:13:35.970,2022-04-30 02:02:51.129,,,,,
usp000934j,5.4,Balleny Islands region,1999-02-21 03:22:07.220,2016-11-10 05:55:39.055,,,,,
usp0008z4g,4.9,Balleny Islands region,1998-12-04 05:14:48.540,2014-11-07 09:06:35.698,,,,,
usp0008wfj,4.6,Balleny Islands region,1998-10-13 23:36:17.550,2014-11-07 09:06:14.530,,,,,
usp0008tqz,4.6,Balleny Islands region,1998-08-23 15:17:32.770,2014-11-07 09:05:52.346,,,,,
usp0008rau,4.2,Balleny Islands region,1998-07-11 16:26:55.900,2014-11-07 09:05:34.750,,,,,
usp0008qgt,4.3,Balleny Islands region,1998-06-26 14:03:26.530,2014-11-07 09:05:27.161,,,,,
usp0008pcv,5.3,Balleny Islands region,1998-06-05 23:45:08.700,2016-11-10 06:41:33.981,,,,,
usp0008my3,,Balleny Islands region,1998-05-12 18:12:48.590,2014-11-07 09:05:12.576,,,,,
usp0008mxv,4.4,Balleny Islands region,1998-05-12 15:48:49.770,2014-11-07 09:05:12.557,,,,,
usp0008m3w,4.6,Balleny Islands region,1998-04-29 10:31:47.670,2014-11-07 09:05:05.141,,,,,
usp0008gf4,4.8,Balleny Islands region,1998-02-23 13:21:47.990,2014-11-07 09:04:34.966,,,,,
usp0008ffj,,Balleny Islands region,1998-02-05 13:14:01.240,2014-11-07 09:04:29.629,,,,,
usp0008ecr,4.5,Balleny Islands region,1998-01-15 16:59:42.530,2014-11-07 09:04:20.419,,,,,
usp0008cw9,,Balleny Islands region,1997-12-19 07:40:31.740,2014-11-07 09:04:08.673,,,,,
usp0008cqu,5.9,Balleny Islands region,1997-12-16 15:06:56.590,2022-04-30 01:13:04.524,,,,,
usp0008be9,4.3,Balleny Islands region,1997-11-28 01:30:49.090,2014-11-07 09:03:57.770,,,,,
usp0008ad0,,Balleny Islands region,1997-11-10 09:10:56.900,2014-11-07 09:03:53.102,,,,,
usp00087xa,5.8,Balleny Islands region,1997-09-24 01:51:23.480,2022-04-30 01:01:31.152,,,,,
usp00085su,4.1,Balleny Islands region,1997-08-04 22:58:58.300,2014-11-07 09:03:15.635,,,,,
usp00085rw,4.6,Balleny Islands region,1997-08-04 08:32:59.610,2014-11-07 09:03:15.416,,,,,
usp00082kp,4.0,"Victoria Land, Antarctica",1997-05-21 00:46:55.330,2014-11-07 09:02:48.281,,,,,
usp00081tq,4.6,Balleny Islands region,1997-05-06 01:27:46.310,2014-11-07 09:02:44.515,,,,,
usp00080rq,4.6,Balleny Islands region,1997-04-18 05:38:50.680,2014-11-07 09:02:35.665,,,,,
usp0007yrw,4.6,Balleny Islands region,1997-03-13 19:51:21.780,2014-11-07 09:02:19.557,,,,,
usp0007vxg,4.6,Balleny Islands region,1997-01-16 16:13:11.100,2014-11-07 09:01:58.118,,,,,
usp0007rmc,5.5,Balleny Islands region,1996-10-19 01:34:53.030,2022-04-30 04:36:06.024,,,,,
usp0007hvt,4.5,Balleny Islands region,1996-05-28 16:26:24.240,2014-11-07 09:00:29.412,,,,,
usp0007hby,4.5,Balleny Islands region,1996-05-13 20:53:29.850,2014-11-07 09:00:27.106,,,,,
usp0007h5f,4.4,Balleny Islands region,1996-05-09 22:43:07.450,2014-11-07 09:00:26.237,,,,,
usp0007guq,4.6,Balleny Islands region,1996-05-02 07:54:30.240,2014-11-07 09:00:22.894,,,,,
usp0007f6d,4.5,Balleny Islands region,1996-03-23 23:15:13.410,2014-11-07 09:00:08.153,,,,,
usp0007f62,5.8,Balleny Islands region,1996-03-23 18:46:45.940,2022-04-30 04:14:23.706,,,,,
usp0007b6u,4.0,Balleny Islands region,1996-01-17 02:28:15.150,2014-11-07 08:59:41.114,,,,,
usp0007b6p,4.3,Antarctica,1996-01-16 23:58:18.150,2014-11-07 08:59:41.100,,,,,
usp000769h,4.5,Balleny Islands region,1995-11-04 19:59:22.610,2014-11-07 08:59:07.328,,,,,
usp000749j,3.9,Balleny Islands region,1995-10-02 01:44:37.100,2014-11-07 08:58:51.474,,,,,
usp00073qb,4.3,Balleny Islands region,1995-09-21 16:19:53.540,2014-11-07 08:58:45.784,,,,,
usp0006zjp,4.3,Balleny Islands region,1995-06-23 04:59:19.970,2014-11-07 08:58:11.142,,,,,
usp0006yrg,4.7,Balleny Islands region,1995-06-08 04:02:56.860,2014-11-07 08:58:06.882,,,,,
usp0006um4,5.6,Balleny Islands region,1995-03-23 18:14:21.270,2022-04-30 01:32:46.075,,,,,
usp0006s9v,6.4,Balleny Islands region,1995-02-03 10:31:35.240,2022-04-30 01:33:57.056,,,,,
usp0006rf0,4.8,Balleny Islands region,1995-01-17 05:33:48.710,2014-11-07 08:57:08.978,,,,,
usp0006gfc,,Balleny Islands region,1994-08-03 09:22:00.210,2014-11-07 08:55:59.234,,,,,
usp0006eq9,5.5,Balleny Islands region,1994-06-23 13:30:07.170,2022-04-29 01:22:41.396,,,,,
usp0006enr,4.7,Balleny Islands region,1994-06-22 07:08:05.890,2014-11-07 08:55:44.047,,,,,
usp0006dp7,4.3,Balleny Islands region,1994-06-04 10:28:22.480,2014-11-07 08:55:38.867,,,,,
usp00063az,5.4,Balleny Islands region,1993-11-08 04:24:21.730,2016-11-10 07:54:45.936,,,,,
usp0005c1a,4.3,Balleny Islands region,1992-08-05 23:28:26.840,2014-11-07 08:51:13.889,,,,,
usp00058yu,5.2,Balleny Islands region,1992-06-12 05:22:33.810,2016-11-10 06:44:14.012,,,,,
usp00058v6,5.6,Balleny Islands region,1992-06-09 10:46:58.340,2022-04-29 02:43:21.826,,,,,
usp00052ny,4.8,Balleny Islands region,1992-02-06 04:31:09.980,2014-11-07 08:50:03.597,,,,,
usp000522e,4.9,Balleny Islands region,1992-01-22 12:54:55.800,2014-11-07 08:49:55.989,,,,,
usp00050k1,6.3,Balleny Islands region,1991-12-17 11:41:08.140,2022-04-29 02:57:43.305,,,,,
usp0004xey,5.4,Balleny Islands region,1991-10-06 10:46:24.690,2016-11-10 07:39:45.004,,,,,
usp0004qys,5.2,Balleny Islands region,1991-04-29 05:55:38.560,2014-11-07 08:48:27.914,,,,,
usp0004g9u,5.4,Balleny Islands region,1990-10-29 14:19:11.210,2022-04-29 03:36:43.546,,,,,
usp0004g9t,5.5,Balleny Islands region,1990-10-29 13:47:27.980,2016-11-10 07:50:26.333,,,,,
usp0004g9g,5.0,Balleny Islands region,1990-10-29 08:26:00.760,2014-11-07 08:47:19.312,,,,,
usp00049mk,4.7,Balleny Islands region,1990-05-23 00:54:28.560,2014-11-07 08:46:23.664,,,,,
usp000493q,5.8,Balleny Islands region,1990-05-10 06:38:19.070,2022-04-29 03:48:49.720,,,,,
usp00046dy,5.3,Balleny Islands region,1990-03-10 22:48:59.080,2014-11-07 08:45:54.767,,,,,
usp00042cd,5.6,Balleny Islands region,1989-11-24 14:39:55.660,2022-04-29 04:07:54.460,,,,,
usp00042c8,5.5,Balleny Islands region,1989-11-24 13:05:43.980,2016-11-10 08:02:37.897,,,,,
usp0003yat,5.8,Balleny Islands region,1989-08-10 18:44:36.800,2022-04-29 04:12:20.159,,,,,
usp0003wsu,4.5,Balleny Islands region,1989-06-29 21:42:41.850,2014-11-07 08:44:25.098,,,,,
usp0003vb4,5.7,Balleny Islands region,1989-05-18 00:12:54.510,2022-04-29 04:17:38.374,,,,,
usp0003rwe,5.3,Balleny Islands region,1989-02-14 09:11:28.920,2016-11-10 05:52:51.081,,,,,
usp0003q81,4.8,Balleny Islands region,1988-12-27 23:30:45.240,2014-11-07 08:43:19.365,,,,,
usp0003njg,5.2,Balleny Islands region,1988-11-05 19:38:28.060,2014-11-07 08:43:04.383,,,,,
usp0003cpk,5.5,Balleny Islands region,1988-02-03 16:43:52.310,2016-11-10 05:48:07.724,,,,,
usp0003abf,5.4,Balleny Islands region,1987-11-22 08:30:57.280,2016-11-10 08:01:32.698,,,,,
usp00039zu,5.4,Balleny Islands region,1987-11-09 09:43:07.100,2016-11-10 07:55:40.792,,,,,
usp00038vq,5.6,Balleny Islands region,1987-10-01 21:18:45.550,2022-04-28 05:31:22.117,,,,,
usp00038n8,4.7,Balleny Islands region,1987-09-24 01:01:43.940,2014-11-07 08:40:57.920,,,,,
usp00038hs,4.3,Balleny Islands region,1987-09-20 04:24:32.930,2014-11-07 08:40:57.371,,,,,
usp00036zx,4.7,Balleny Islands region,1987-07-28 05:30:07.860,2014-11-07 08:40:42.240,,,,,
usp0003560,4.6,Balleny Islands region,1987-05-22 09:12:03.150,2014-11-07 08:40:25.817,,,,,
usp00033yd,5.4,Balleny Islands region,1987-04-06 15:19:51.060,2016-11-10 06:14:39.284,,,,,
usp0002wdp,5.9,Balleny Islands region,1986-07-23 15:35:27.380,2022-04-28 06:10:33.085,,,,,
usp0002rdu,5.8,Balleny Islands region,1986-03-01 16:47:42.050,2022-04-28 06:20:36.912,,,,,
usp0002qur,4.8,Balleny Islands region,1986-02-09 08:14:58.220,2014-11-07 08:37:54.103,,,,,
usp0002jen,5.2,Balleny Islands region,1985-09-05 13:11:35.350,2016-11-10 07:24:49.473,,,,,
usp0002hd4,5.4,Balleny Islands region,1985-08-05 09:10:52.810,2022-04-28 06:38:52.334,,,,,
usp0002f81,4.7,Balleny Islands region,1985-05-27 15:52:41.430,2014-11-07 08:36:37.100,,,,,
usp0002f2q,5.4,Balleny Islands region,1985-05-22 14:28:14.460,2014-11-07 08:36:36.510,,,,,
usp0002ejb,5.7,Balleny Islands region,1985-05-08 21:30:33.250,2022-04-28 06:46:42.660,,,,,
usp00026j5,4.9,Balleny Islands region,1984-08-20 02:26:39.530,2014-11-07 08:35:19.517,,,,,
usp000222s,4.6,Balleny Islands region,1984-02-18 23:06:39.530,2014-11-07 08:34:31.049,,,,,
usp0001yph,5.1,Balleny Islands region,1983-09-27 20:57:31.860,2016-11-10 07:35:12.119,,,,,
usp0001y1d,5.0,Balleny Islands region,1983-08-29 23:55:30.970,2014-11-07 08:33:40.555,,,,,
usp0001xpa,5.9,Balleny Islands region,1983-08-15 03:56:39.420,2022-04-28 07:53:09.461,,,,,
usp0001wd5,4.7,Balleny Islands region,1983-06-26 07:35:32.520,2014-11-07 08:33:20.887,,,,,
usp0001utq,5.9,Balleny Islands region,1983-04-27 09:39:20.240,2022-04-28 08:08:09.315,,,,,
usp0001utp,5.1,Balleny Islands region,1983-04-27 09:25:31.300,2014-11-07 08:33:02.286,,,,,
usp0001utn,4.8,Balleny Islands region,1983-04-27 09:21:23.660,2014-11-07 08:33:02.284,,,,,
usp0001qnq,,Balleny Islands region,1982-11-01 22:21:59.020,2014-11-07 08:32:07.718,,,,,
usp0001q5n,5.7,Balleny Islands region,1982-10-11 18:25:35.200,2016-11-10 07:41:54.513,,,,,
usp0001kg8,,Balleny Islands region,1982-04-01 20:20:16.600,2014-11-07 08:31:04.549,,,,,
usp0001gze,6.0,Balleny Islands region,1981-11-16 04:18:17.540,2022-04-28 08:49:30.355,,,,,
usp0001gv1,4.9,Balleny Islands region,1981-11-07 20:04:07.380,2014-11-07 08:30:22.085,,,,,
usp0001g5y,5.4,Balleny Islands region,1981-09-29 18:00:17.480,2022-04-28 08:56:03.356,,,,,
usp0001cah,5.4,Balleny Islands region,1981-02-21 11:54:40.510,2022-04-28 09:12:04.820,,,,,
usp0001a98,5.0,Balleny Islands region,1980-10-16 05:14:56.200,2014-11-07 07:24:26.664,,,,,
usp00017du,5.2,Balleny Islands region,1980-05-25 16:49:08.000,2022-04-28 09:37:38.104,,,,,
usp00014qh,4.8,Balleny Islands region,1979-12-27 09:52:21.500,2014-11-07 07:22:08.502,,,,,
usp0000vdm,5.5,Balleny Islands region,1978-07-03 15:07:46.300,2022-04-27 23:31:49.327,,,,,
usp0000vd9,5.5,Balleny Islands region,1978-07-03 09:32:35.800,2022-04-27 23:31:39.553,,,,,
usp0000spe,5.2,Balleny Islands region,1978-01-25 05:37:49.000,2016-11-10 05:44:21.181,,,,,
usp0000r73,5.2,Balleny Islands region,1977-10-25 02:43:42.500,2022-04-28 00:10:58.817,,,,,
usp0000qtn,5.0,Balleny Islands region,1977-09-27 10:37:41.500,2014-11-07 07:21:44.361,,,,,
usp0000qnj,5.3,Balleny Islands region,1977-09-15 19:38:17.500,2014-11-07 07:21:44.158,,,,,
usp0000ps3,5.6,Balleny Islands region,1977-07-17 19:26:19.000,2016-11-10 07:00:15.037,,,,,
usp0000p2j,5.7,Balleny Islands region,1977-05-29 00:10:13.000,2022-04-28 00:27:35.014,,,,,
usp0000p2h,5.1,Balleny Islands region,1977-05-29 00:09:11.700,2014-11-07 07:21:42.141,,,,,
usp0000mdf,5.3,Balleny Islands region,1977-01-30 08:13:28.400,2014-11-07 07:21:39.560,,,,,
usp0000g3b,5.7,Balleny Islands region,1976-04-29 20:54:57.000,2014-11-07 07:21:34.971,,,,,
usp0000fs8,5.6,Balleny Islands region,1976-04-05 08:35:06.300,2014-11-07 07:21:34.732,,,,,
usp0000d1p,,Balleny Islands region,1975-10-04 11:40:19.000,2014-11-07 07:21:32.195,,,,,
usp0000crn,5.3,Balleny Islands region,1975-09-10 03:55:36.200,2014-11-07 07:21:31.899,,,,,
usp00008dx,4.9,Antarctica,1974-10-15 15:31:42.000,2014-11-07 07:21:26.851,,,,,
usp000045q,,Balleny Islands region,1973-11-15 17:47:09.200,2014-11-07 07:21:21.283,,,,,
usp00001j8,5.7,Balleny Islands region,1973-04-25 15:27:20.100,2014-11-07 07:21:12.083,,,,,
usp00000y8,5.8,Balleny Islands region,1973-03-14 14:07:30.800,2022-04-28 02:57:00.703,,,,,
usp00000mf,5.4,Balleny Islands region,1973-02-21 06:05:19.600,2014-11-07 07:21:09.178,,,,,
usp00000m0,5.7,Balleny Islands region,1973-02-20 09:14:40.700,2014-11-07 07:21:09.150,,,,,
iscgem781143,6.21,Balleny Islands region,1971-08-11 22:23:30.260,2022-04-27 05:08:14.533,,,,,
iscgem808452,6.0,Balleny Islands region,1969-06-30 01:09:12.350,2022-04-27 06:05:33.013,,,,,
iscgem835514,5.49,Balleny Islands region,1967-05-13 03:03:59.950,2022-04-27 06:54:17.725,,,,,
iscgem872228,5.56,Balleny Islands region,1963-04-29 22:51:50.980,2022-04-27 08:20:46.118,,,,,
iscgem875571,6.12,Balleny Islands region,1962-10-26 04:06:09.150,2022-04-27 00:13:19.143,,,,,
iscgem883387,6.24,Balleny Islands region,1959-12-01 22:59:49.440,2022-04-27 00:50:27.556,,,,,
iscgem882820,5.81,Balleny Islands region,1959-09-05 15:00:32.110,2022-04-27 00:47:53.225,,,,,
iscgemsup892802,5.95,Antarctica,1952-04-20 17:37:04.610,2022-05-10 04:17:04.951,,,,,
iscgemsup907143,6.27,Balleny Islands region,1931-12-01 11:20:33.330,2022-05-10 01:32:54.906,,,,,
iscgem908263,5.88,Balleny Islands region,1929-08-14 10:16:43.120,2022-04-26 06:43:24.045,,,,,
